{"task_name": "gpt2-xl_Pile_5000_55", "train_loss": [2.412552833557129, 1.7368587255477905, 1.6098406314849854, 1.5370110273361206, 1.430633306503296, 1.3952230215072632, 1.3796265125274658, 1.3720818758010864, 1.3302485942840576, 1.3314526081085205, 1.2544323205947876, 1.284118413925171, 1.2340729236602783, 1.2468702793121338, 1.2450460195541382, 1.2534199953079224, 1.2370336055755615, 1.1936720609664917, 1.2005341053009033, 1.1871377229690552, 1.166229248046875, 1.1858800649642944, 1.1997499465942383, 1.1703245639801025, 1.1781764030456543, 1.1121572256088257, 1.1521927118301392, 1.1616158485412598, 1.1409364938735962, 1.0974572896957397, 1.1411681175231934, 1.1187665462493896, 1.1049457788467407, 1.132324457168579, 1.1027641296386719, 1.1069334745407104, 1.1248573064804077, 1.0982921123504639, 1.0702712535858154, 1.0979557037353516, 1.0546094179153442, 1.0994700193405151, 1.0969254970550537, 1.0965051651000977, 1.0875200033187866, 1.0837812423706055, 1.052432656288147, 1.1308772563934326, 1.0850874185562134, 1.1429532766342163, 1.064975619316101, 1.0142626762390137, 1.0296714305877686, 1.0513238906860352, 1.0341922044754028, 1.0255509614944458, 1.0564006567001343, 1.0552667379379272, 1.027270793914795, 1.0574896335601807, 0.9851576685905457, 1.0782588720321655, 1.0692790746688843, 1.0204752683639526, 0.9962081909179688, 1.0229731798171997, 0.9683313965797424, 1.0250324010849, 1.0256098508834839, 1.0558947324752808, 1.0373895168304443, 1.0189523696899414, 1.019049048423767, 1.0145156383514404, 1.0052846670150757, 1.0099319219589233, 1.0457289218902588, 0.9805546998977661, 0.9906908273696899, 1.0560553073883057, 1.0086593627929688, 1.0171526670455933, 1.0228517055511475, 1.0330504179000854, 0.9777061343193054, 0.9999057650566101, 1.013641357421875, 0.9693754315376282, 0.9997154474258423, 1.0120937824249268, 0.9945800304412842, 1.024215817451477, 0.9758530259132385, 0.9909795522689819, 0.99798983335495, 1.015127420425415, 0.9736075401306152, 0.9517104029655457, 1.0098015069961548, 1.0057204961776733], "test_accuracy": [0.3320855980075814, 0.48899598369731384, 0.5167323681937325, 0.5321404399825456, 0.5414613493945861, 0.5497473855442788, 0.5557009680090953, 0.5618352544103634, 0.5657443221116313, 0.5691153596119652, 0.5741528065139502, 0.5775828418087314, 0.5798767057412646, 0.582764629226691, 0.5853835376116505, 0.58750337660333, 0.5895003962870722, 0.5922792295110678, 0.5943942447837044, 0.5955534215752337, 0.5971378277531562, 0.599548945163962, 0.6004602570077506, 0.6015322358011975, 0.6036550432353648, 0.6051644962404676, 0.605585272963129, 0.6072720904068845, 0.607852791968582, 0.6094679957373166, 0.6111362604155226, 0.6118742894290795, 0.6128531333394681, 0.613458695607002, 0.6150282595724849, 0.6157581253692, 0.6169076547226435, 0.6174972616118048, 0.6181254582533091, 0.6198931657548601, 0.6202816606654654, 0.6210011369134729, 0.6215065142470397, 0.6227951893421041, 0.6232961140119391, 0.6236786720375687, 0.6240590037313322, 0.6253016679678339, 0.6263320885664501, 0.6265717902973489, 0.6268126051941807, 0.6286504421495086, 0.6284096272526768, 0.6284048035336339, 0.6290767847018348, 0.6301725110351849, 0.6309769589494089, 0.631673058712824, 0.6321576569489754, 0.6325446676383368, 0.6327357611234962, 0.6335034745619321, 0.6330611766312334, 0.6346440985879119, 0.6352574530169766, 0.6355097706284489, 0.6359609738866114, 0.6365179279084058, 0.6366670921434233, 0.6373060493889461, 0.6384629998486094, 0.6382329455557963, 0.6388641106397884, 0.6388043707347192, 0.6399427684288331, 0.6396270003591815, 0.6410726318507942, 0.6406741184467921, 0.6411679930657184, 0.6417331103043544, 0.6421037945600323, 0.6422537009056718, 0.6429661271027705, 0.6436180712841779, 0.6434577753898307, 0.6439056391501943, 0.644550162225382, 0.6444188086452919, 0.6448321642617335, 0.6451201031830609, 0.6459260353185288, 0.6462585008771747, 0.6466681459405065, 0.645550527343808, 0.6475048756667864, 0.6475813130608501, 0.6475790867289841, 0.6476644294505116, 0.6483386369505784, 0.6480818666753742]}