{"task_name": "gpt2-medium_Pile_5000_40", "train_loss": [1.919114112854004, 1.183512568473816, 1.0518842935562134, 0.9564282298088074, 0.9894516468048096, 0.9760751128196716, 0.9003687500953674, 0.7901859879493713, 0.8532681465148926, 0.7998471260070801, 0.7581319212913513, 0.7179522514343262, 0.7316168546676636, 0.7566477656364441, 0.7104945182800293, 0.674381673336029, 0.6919435262680054, 0.7121104598045349, 0.6537105441093445, 0.7282097339630127, 0.6655594706535339, 0.6981194615364075, 0.6234892010688782, 0.65702885389328, 0.6472522616386414, 0.6708964705467224, 0.6516429781913757, 0.6641620993614197, 0.5945878028869629, 0.6354625225067139, 0.6203203201293945, 0.5730916857719421, 0.599982738494873, 0.6330219507217407, 0.537347674369812, 0.547024667263031, 0.5933232307434082, 0.6102667450904846, 0.6146506667137146, 0.5957286953926086, 0.5674742460250854, 0.6286972165107727, 0.5508486032485962, 0.54488605260849, 0.5546883940696716, 0.5566855669021606, 0.5839154720306396, 0.5500548481941223, 0.589190661907196, 0.5571615099906921, 0.5732023119926453, 0.5747165083885193, 0.5813828706741333, 0.5276791453361511, 0.530628502368927, 0.4657391905784607, 0.535260796546936, 0.581963837146759, 0.53086918592453, 0.5431884527206421, 0.560970664024353, 0.5064043998718262, 0.4986684322357178, 0.5384313464164734, 0.5466872453689575, 0.5677421689033508, 0.5432224273681641, 0.4138982594013214, 0.5019736289978027, 0.5149833559989929, 0.5187109112739563, 0.4899986684322357, 0.6237269043922424, 0.511185884475708, 0.546811580657959, 0.4696986973285675, 0.5536639094352722, 0.48222675919532776, 0.505423367023468, 0.48816099762916565, 0.4579712748527527, 0.5069128274917603, 0.48588913679122925, 0.4720098674297333, 0.45794185996055603, 0.4873495101928711, 0.5346428751945496, 0.43869486451148987, 0.4556867182254791, 0.5281471610069275, 0.5330467820167542, 0.5201537609100342, 0.47398868203163147, 0.4667584300041199, 0.5012744069099426, 0.46383175253868103, 0.4799087345600128, 0.4659561812877655, 0.46284887194633484, 0.5054048299789429], "test_accuracy": [0.4680425113198189, 0.6500525991584135, 0.683621062063007, 0.708019671685253, 0.7209194652885553, 0.7346832450680789, 0.7428991136141821, 0.749039015375754, 0.756460896625654, 0.758417865314155, 0.7640497752035967, 0.7674537207404681, 0.7716076542775315, 0.7757585878625942, 0.777218564502968, 0.7795555271115662, 0.7806695092878514, 0.7854204332730677, 0.7827914753363946, 0.7870034079454729, 0.7907623478024352, 0.7933953056751092, 0.7926653173549223, 0.7941982928273148, 0.7963992576118782, 0.7970492472120446, 0.7980052319162894, 0.7989392169725285, 0.8030761507815875, 0.8025901585574631, 0.8034991440136958, 0.8043541303339147, 0.8056121102062367, 0.8052041167341323, 0.807918073310827, 0.8084860642229724, 0.8100110398233629, 0.8098450424793203, 0.8097960432633078, 0.8109870242076127, 0.8118960096638453, 0.8131019903681541, 0.8142379721924449, 0.8164289371370058, 0.8153689540967345, 0.8167399321610854, 0.8174529207532679, 0.8173319226892369, 0.8165279355530312, 0.818222908433465, 0.8177399161613415, 0.8212948592822514, 0.8221078462744597, 0.8215028559543047, 0.8216178541143342, 0.820855866306139, 0.8247198044831283, 0.825140797747236, 0.8229168333306667, 0.8216958528663542, 0.8241388137789796, 0.8239098174429209, 0.8262487800195197, 0.8266857730276316, 0.8266157741476137, 0.8250357994272092, 0.8234968240508151, 0.8297327242764115, 0.8292867314122974, 0.8302197164845363, 0.8288287387401801, 0.828015751747972, 0.8302557159085454, 0.8307277083566663, 0.8303877137965793, 0.8319436889009776, 0.8304067134925841, 0.8330056719092495, 0.8295457272683637, 0.8323466824530807, 0.8329346730452313, 0.8308847058447065, 0.8336816610934225, 0.83402365562151, 0.8349646405657509, 0.8333746660053439, 0.8337856594294492, 0.8342376521975648, 0.8361976208380666, 0.8363426185181038, 0.8348606422297243, 0.8348376425977184, 0.8361336218620502, 0.836933609062255, 0.8364206172701236, 0.8369066094942481, 0.839347570438873, 0.8370756067902914, 0.8365256155901506, 0.8382165885345835]}