{"task_name": "gpt2-large_Pile_5000_55", "train_loss": [2.37939453125, 1.5335156917572021, 1.327811360359192, 1.309891700744629, 1.3217689990997314, 1.1760534048080444, 1.1364693641662598, 1.1699833869934082, 1.1476901769638062, 1.2011312246322632, 1.0610344409942627, 1.1657342910766602, 1.0575861930847168, 1.153584599494934, 1.0353326797485352, 0.9225287437438965, 0.9194514751434326, 1.119009017944336, 1.020803451538086, 1.049328088760376, 1.0315004587173462, 1.0344105958938599, 0.9946044683456421, 0.9380170106887817, 0.9208466410636902, 1.0170451402664185, 0.9060968160629272, 1.0731054544448853, 0.9487124085426331, 0.8969462513923645, 0.9089702367782593, 0.9982828497886658, 0.8913121819496155, 0.9171987175941467, 0.9906513094902039, 0.9026012420654297, 1.0107852220535278, 0.9136061072349548, 0.9179204106330872, 0.9467704892158508, 0.9506489038467407, 0.8752227425575256, 0.8262496590614319, 0.87987220287323, 0.870704710483551, 0.814906120300293, 0.8870993852615356, 0.8854684829711914, 0.9348539710044861, 0.853360116481781, 0.8218241333961487, 0.8765782117843628, 0.8395218253135681, 0.8273603916168213, 0.9698059558868408, 0.853340208530426, 0.8293834924697876, 0.8832589387893677, 0.833010733127594, 0.9427933096885681, 0.8711997866630554, 0.9032973647117615, 0.9017192125320435, 0.8693579435348511, 0.8726143836975098, 0.9151267409324646, 0.8171626925468445, 0.7960271239280701, 0.8320247530937195, 0.7847287058830261, 0.8200376629829407, 0.8222407102584839, 0.8236241340637207, 0.8145604729652405, 0.8370806574821472, 0.7764412760734558, 0.8388814330101013, 0.8529052734375, 0.8118823766708374, 0.8439799547195435, 0.770626425743103, 0.8080787062644958, 0.8850082755088806, 0.8574216365814209, 0.8199695348739624, 0.8911688327789307, 0.8215081095695496, 0.8949486613273621, 0.7870870232582092, 0.805537223815918, 0.8552940487861633, 0.758754551410675, 0.7898261547088623, 0.7924683094024658, 0.8198115229606628, 0.7788289189338684, 0.7724412679672241, 0.7484233379364014, 0.7867816686630249, 0.7598392367362976], "test_accuracy": [0.3724148775681692, 0.541305448130476, 0.5682551928491751, 0.582621215620562, 0.5921209232387065, 0.5997980353904895, 0.6057537800797048, 0.6122962540724616, 0.6152181070363291, 0.6211453506370976, 0.6245065134815062, 0.6289841327561044, 0.6306258937302519, 0.6349015483953396, 0.6362243920177296, 0.6405369015385673, 0.6410454985479187, 0.6438268116618592, 0.646376676281689, 0.6474056638542317, 0.6501004909066785, 0.6504606856968762, 0.6538061238028314, 0.6548685264445875, 0.6568439467127926, 0.6576120019066245, 0.6597269792286033, 0.660240981616798, 0.6630046043999783, 0.6614650542257777, 0.6638601284514573, 0.664400666335792, 0.6669927911902153, 0.6672571633554626, 0.6682576498395585, 0.6701917926693235, 0.6705947390921911, 0.6711814683957327, 0.6719362558414946, 0.673520523240672, 0.6735033243079886, 0.6742993891921907, 0.6754615456435104, 0.6767342666620803, 0.6782802050112776, 0.6779612876595201, 0.6802526768910226, 0.6801588198583791, 0.6806477609446636, 0.6816757657210529, 0.6821165497958241, 0.6818782217286401, 0.6837450430219016, 0.683766664537275, 0.684558306838787, 0.686092943032221, 0.6866113680031056, 0.6874403565584444, 0.688692930255871, 0.689095385280662, 0.6890629530076019, 0.6899194598552342, 0.690668350524076, 0.6895405919381231, 0.6899061921071641, 0.6905430440145257, 0.6909867764777569, 0.69219414155213, 0.6935110883976, 0.6934241109380298, 0.6935076486110633, 0.6953499000004913, 0.6944177178490524, 0.6947843008142466, 0.6944835651913258, 0.6965774123960079, 0.6965174618306544, 0.6959459658674896, 0.6981533260278819, 0.699603441752129, 0.6990864909754744, 0.6991670802600478, 0.6996761686674758, 0.6999498773961799, 0.7011626478493963, 0.7006044196343015, 0.6991316995985277, 0.7017960599702213, 0.7006958196765618, 0.7021479009931155, 0.7026913872659103, 0.7016314416145375, 0.7031650950118181, 0.7032004756733382, 0.7048083301801957, 0.7036967877307728, 0.7039321674094967, 0.704800467810969, 0.7061434587545025, 0.704819632335959]}