{"task_name": "gpt2_Pile_5000_55", "train_loss": [1.364972710609436, 0.8378273248672485, 0.7226308584213257, 0.648689866065979, 0.616429328918457, 0.5316909551620483, 0.5322652459144592, 0.48545727133750916, 0.4947601854801178, 0.4476252496242523, 0.4566248655319214, 0.4645821154117584, 0.4366755187511444, 0.4418899416923523, 0.41112902760505676, 0.3886972963809967, 0.4185308814048767, 0.4015890061855316, 0.37851372361183167, 0.3887683153152466, 0.381395548582077, 0.46892789006233215, 0.3744984269142151, 0.41940268874168396, 0.38596972823143005, 0.38334837555885315, 0.360786497592926, 0.3339231014251709, 0.3417469561100006, 0.3364487290382385, 0.3452949523925781, 0.34727880358695984, 0.3768236041069031, 0.3265896141529083, 0.3324318528175354, 0.33919426798820496, 0.3696717917919159, 0.3240867257118225, 0.32459357380867004, 0.3460005819797516, 0.3061520457267761, 0.30535122752189636, 0.31742599606513977, 0.3302382230758667, 0.3180800974369049, 0.3351505398750305, 0.30925363302230835, 0.3133072555065155, 0.3233119547367096, 0.28555646538734436, 0.3021214008331299, 0.338055819272995, 0.29805901646614075, 0.28351977467536926, 0.2801545560359955, 0.35498562455177307, 0.31539684534072876, 0.3007287383079529, 0.3073192536830902, 0.31593555212020874, 0.3354496955871582, 0.28700870275497437, 0.30232954025268555, 0.2951299846172333, 0.3293348252773285, 0.2866782248020172, 0.3001251220703125, 0.28688961267471313, 0.27919483184814453, 0.28649309277534485, 0.2890914976596832, 0.306795209646225, 0.2530158758163452, 0.2983413636684418, 0.2865019738674164, 0.26987847685813904, 0.28585582971572876, 0.2758086919784546, 0.28375473618507385, 0.27092957496643066, 0.24900831282138824, 0.26173409819602966, 0.294540137052536, 0.259046345949173, 0.26998308300971985, 0.2517894208431244, 0.2565612494945526, 0.2589881718158722, 0.2926870286464691, 0.25452423095703125, 0.24942846596240997, 0.2691858112812042, 0.22160159051418304, 0.2461457997560501, 0.29272595047950745, 0.25586578249931335, 0.25859832763671875, 0.23222972452640533, 0.2648541331291199, 0.26217615604400635], "test_accuracy": [0.6413704462047977, 0.7967729032402434, 0.8223810083243824, 0.8391906104547082, 0.8475121956677408, 0.8554393796992481, 0.8617400085034014, 0.8650322793591121, 0.8684448285893305, 0.872483944235589, 0.8740028083601862, 0.8746951083064805, 0.8787482098102399, 0.880267073934837, 0.8818600631041891, 0.8841159819190835, 0.8854893931256713, 0.8867509174722521, 0.8865998702112424, 0.8888487960973863, 0.8895424946294307, 0.8921998075546008, 0.8920207885785894, 0.8941046813462227, 0.8948767006802721, 0.8961703924991049, 0.8965410177228786, 0.8967242324561403, 0.8976486976369495, 0.8981423984067312, 0.8983941438417472, 0.9005437701396348, 0.8998892320085929, 0.9007787325456499, 0.9018486506444683, 0.9034738072860723, 0.9016458557107053, 0.9034556256713212, 0.9041199539026137, 0.904452817311135, 0.9040192557286072, 0.905187074829932, 0.9048835817221625, 0.9071492906373075, 0.9070388023630505, 0.9080639657178661, 0.9084080178123881, 0.9084164093268886, 0.9093380773361976, 0.9093170985499462, 0.9094024122807017, 0.9106233776405299, 0.9101926132295023, 0.9109436537773004, 0.9112821115288221, 0.9121688148943788, 0.9118387486573577, 0.9116457438238453, 0.9128107657536699, 0.9134471222699606, 0.9134135562119585, 0.9134960727712137, 0.9138219432509846, 0.9147603942892947, 0.9146792763157895, 0.9136918747762263, 0.9139562074829932, 0.9157911519871106, 0.9161380012531328, 0.9155254206945936, 0.9165268080916578, 0.9162918456856427, 0.9169855442176871, 0.9172512755102041, 0.9173477779269602, 0.9182778374507697, 0.917953365556749, 0.9184190946115288, 0.9180974198890083, 0.9181911251342643, 0.9191813238453276, 0.9189239840673111, 0.9188624462943072, 0.9192484559613319, 0.9190498567848192, 0.9195897108843537, 0.9207757116004296, 0.9199491474221267, 0.9214470327604726, 0.9203617302184032, 0.9219071674722521, 0.9214596200322234, 0.9217421343537415, 0.9208848012889366, 0.920968716433942, 0.9226526136770498, 0.9221659058360187, 0.9233379206945936, 0.9228875760830648, 0.9236232321876119]}