{"task_name": "gpt2-xl_Pile_5000_10", "train_loss": [3.1396923065185547, 2.501765012741089, 2.2343122959136963, 2.131033182144165, 2.0664658546447754, 1.957069993019104, 1.9866523742675781, 1.8742486238479614, 1.8402906656265259, 1.8046951293945312, 1.7550048828125, 1.728479266166687, 1.7373900413513184, 1.824815273284912, 1.7146551609039307, 1.6825120449066162, 1.6931240558624268, 1.6256870031356812, 1.575698733329773, 1.5788846015930176, 1.6084568500518799, 1.5833576917648315, 1.5648763179779053, 1.5078035593032837, 1.4667892456054688, 1.5230638980865479, 1.4896644353866577, 1.4802693128585815, 1.4618946313858032, 1.4547700881958008, 1.4537948369979858, 1.4751464128494263, 1.4127585887908936, 1.403325080871582, 1.404650092124939, 1.4689937829971313, 1.4650672674179077, 1.4387035369873047, 1.3815513849258423, 1.4189789295196533, 1.3780395984649658, 1.3515877723693848, 1.387750506401062, 1.3651037216186523, 1.3741087913513184, 1.3124477863311768, 1.2894068956375122, 1.3071200847625732, 1.3431023359298706, 1.3303402662277222, 1.3374011516571045, 1.3016798496246338, 1.280954122543335, 1.3233953714370728, 1.3198565244674683, 1.2697230577468872, 1.3260136842727661, 1.3199031352996826, 1.2333821058273315, 1.2683696746826172, 1.2596285343170166, 1.2312841415405273, 1.2597055435180664, 1.2901673316955566, 1.200773000717163, 1.2275185585021973, 1.278110384941101, 1.237896203994751, 1.2403736114501953, 1.22365403175354, 1.2522146701812744, 1.3323376178741455, 1.241718053817749, 1.1626341342926025, 1.2182008028030396, 1.2305233478546143, 1.2047128677368164, 1.1965724229812622, 1.2271069288253784, 1.2166320085525513, 1.1646867990493774, 1.210719108581543, 1.2117289304733276, 1.1873775720596313, 1.2398706674575806, 1.233411431312561, 1.1412307024002075, 1.253118872642517, 1.192206859588623, 1.1857737302780151, 1.2019091844558716, 1.211370587348938, 1.1592015027999878, 1.18673837184906, 1.1521066427230835, 1.1681556701660156, 1.1959863901138306, 1.1786365509033203, 1.1951818466186523, 1.1554571390151978], "test_accuracy": [0.15481946028901863, 0.3247531137564464, 0.3878690538629355, 0.43135042030354914, 0.45270130999197966, 0.4747583178062175, 0.48889088434152445, 0.5047275220763955, 0.515825413313796, 0.5235233253673958, 0.5329600022857003, 0.5394497584708665, 0.5451456419654573, 0.5521843743813813, 0.5571741397501648, 0.5597680014203995, 0.5616577857686585, 0.5633332857145773, 0.5676434634073669, 0.5747046446654408, 0.5824331687765177, 0.5836719367024283, 0.5816372552821105, 0.5864555931290216, 0.5866902855696802, 0.5936147329710226, 0.5924984132750207, 0.5984167443872792, 0.5993249020924362, 0.5978065440415671, 0.6015840719342535, 0.6007391791478828, 0.6055942514637666, 0.6057758830047979, 0.6095758597396342, 0.6085064785317641, 0.6090860668199991, 0.6123289041087504, 0.614616645204213, 0.6132105313640936, 0.613130940014653, 0.6140656281696234, 0.6157839849960103, 0.6226492490862301, 0.6157023528427377, 0.6190043734426116, 0.6193880445629925, 0.6237798544090546, 0.6231023075368927, 0.6237288343132593, 0.6235757740258733, 0.62763493284735, 0.6243920955585986, 0.6315736842427495, 0.6261941253420897, 0.6277594218810906, 0.6333328571457726, 0.632453270694261, 0.633000206121187, 0.6323818425601476, 0.6333634692032498, 0.6349083577039324, 0.6321328644926664, 0.6323063328183705, 0.6361063095532068, 0.6359246780121754, 0.6399471023646794, 0.6346144819521513, 0.6414715828270439, 0.6365838576498511, 0.6425103519774369, 0.6383818058256786, 0.6376083411734214, 0.6456817611320746, 0.6422879043597692, 0.6404817929686145, 0.6448633987955176, 0.6429389207821177, 0.6504552012946859, 0.644312381760928, 0.6444409524023322, 0.6460082897451648, 0.6473246082166844, 0.6470490996993896, 0.6468572641391992, 0.6483837854053954, 0.6507449954388035, 0.650083774997296, 0.6487837829564309, 0.6482123578835232, 0.6490021489664349, 0.6506592816778672, 0.6516409083209694, 0.6543000757138222, 0.650869484472544, 0.6537021201911009, 0.652400087346404, 0.6498531641643011, 0.6539143637896094, 0.6533306938937109]}