{"task_name": "gpt2-medium_Pile_5000_25", "train_loss": [2.0849266052246094, 1.4021178483963013, 1.2940243482589722, 1.0961610078811646, 1.0793408155441284, 1.0184431076049805, 1.0092931985855103, 0.9862982630729675, 0.9311031699180603, 0.9414071440696716, 0.91048663854599, 0.8195394277572632, 0.7999624609947205, 0.8641691207885742, 0.8701194524765015, 0.7823050618171692, 0.7635130882263184, 0.7749993205070496, 0.7532450556755066, 0.7703853249549866, 0.7688300013542175, 0.7732731699943542, 0.7789713144302368, 0.7230900526046753, 0.74462890625, 0.714790403842926, 0.7341437935829163, 0.6891040205955505, 0.667493999004364, 0.7021145224571228, 0.6487860083580017, 0.6766270995140076, 0.6938397884368896, 0.640377402305603, 0.6469963192939758, 0.696519672870636, 0.6755066514015198, 0.6454591155052185, 0.6559659838676453, 0.6328163743019104, 0.6963018774986267, 0.6455931067466736, 0.6303043961524963, 0.6470860242843628, 0.6189135909080505, 0.6601624488830566, 0.613939642906189, 0.5667033791542053, 0.6272532939910889, 0.6542046666145325, 0.6293895244598389, 0.6132422089576721, 0.6211481094360352, 0.6292698383331299, 0.5798647403717041, 0.5856991410255432, 0.6086279153823853, 0.6172617673873901, 0.5356565117835999, 0.5891256332397461, 0.5766186714172363, 0.6226151585578918, 0.5838183164596558, 0.6451148986816406, 0.596136748790741, 0.5653377175331116, 0.5768556594848633, 0.6222172975540161, 0.6354725360870361, 0.5790426135063171, 0.5496394038200378, 0.5363841652870178, 0.5516915917396545, 0.5484694838523865, 0.5626063346862793, 0.6212412118911743, 0.5063415169715881, 0.5833737850189209, 0.5677380561828613, 0.5572499632835388, 0.5621291399002075, 0.5627162456512451, 0.5726892352104187, 0.5544440150260925, 0.5354679822921753, 0.5174518823623657, 0.534426212310791, 0.5253181457519531, 0.5456416606903076, 0.5562743544578552, 0.5443717837333679, 0.566107451915741, 0.5726150870323181, 0.5242878198623657, 0.519058108329773, 0.5661192536354065, 0.4894045293331146, 0.5535701513290405, 0.4934457838535309, 0.5121896862983704], "test_accuracy": [0.43212476020268575, 0.5993660870998245, 0.6512695057815352, 0.6764308239747715, 0.6978065845662529, 0.7090384587692617, 0.7178847596906914, 0.7279086474231489, 0.7345549729843026, 0.7428348802493412, 0.7488316130859335, 0.7523739734114978, 0.7540891542014729, 0.7583803061405713, 0.7637482460196445, 0.768821789195961, 0.7687385901277906, 0.7721625517794201, 0.7748121221042324, 0.7792584723051101, 0.7823944371823035, 0.7837112224343087, 0.7856648005542338, 0.7870247853224044, 0.785268004998344, 0.7890471626717781, 0.7909431414368159, 0.791581534286816, 0.7915143350394476, 0.7947990982500996, 0.7939463078013527, 0.796707876871779, 0.7977174655643857, 0.8029142073608776, 0.802264614636316, 0.8007462316422056, 0.8054005795135094, 0.8009702291334337, 0.8046917874519806, 0.8070965605185222, 0.8105125222597507, 0.809000539193961, 0.8088693406633846, 0.809861329553109, 0.8123397017953399, 0.8119765058631343, 0.8137428860796759, 0.8126068988027334, 0.812205303300603, 0.8144548781053652, 0.8158404625868191, 0.8124421006484728, 0.8162276582502276, 0.8188724286287994, 0.8203940115870703, 0.8175684432334358, 0.8208372066232859, 0.8204756106731604, 0.8183236347752905, 0.8202148135940878, 0.8167396525158919, 0.8209380054943385, 0.8192324245968445, 0.8215699984160177, 0.8233811781308049, 0.8230883814101282, 0.82358117589083, 0.8232003801557423, 0.8191604254032355, 0.8222035913197773, 0.8275555313780486, 0.8239731715004792, 0.8271267361805548, 0.8242675682032361, 0.8249059610532362, 0.8261667469324343, 0.8263667446924594, 0.8302595010935877, 0.8315314868473473, 0.8297939063082493, 0.8269875377395773, 0.8303698998571216, 0.8313714886393272, 0.8320098814893273, 0.8293139116841891, 0.83155228661439, 0.8323778773677735, 0.8324946760596281, 0.8347106512407061, 0.8349762482660195, 0.8342514563836885, 0.8306098971691517, 0.8348498496816835, 0.8328562720097535, 0.8355218421553678, 0.8324210768839388, 0.8347074512765457, 0.8360786359192777, 0.8334514653435882, 0.8337730617417085]}