{"task_name": "gpt2-large_Pile_5000_25", "train_loss": [2.5731775760650635, 1.8591762781143188, 1.679449200630188, 1.6936818361282349, 1.3910523653030396, 1.4717155694961548, 1.3540323972702026, 1.3405296802520752, 1.354196310043335, 1.3876352310180664, 1.2736082077026367, 1.3051276206970215, 1.2533729076385498, 1.180679440498352, 1.2553125619888306, 1.1277248859405518, 1.1940606832504272, 1.3699229955673218, 1.2013556957244873, 1.1491469144821167, 1.1999626159667969, 1.0583471059799194, 1.0303062200546265, 1.11716628074646, 1.0714046955108643, 1.098519206047058, 1.1266871690750122, 1.108311653137207, 1.2372660636901855, 1.0714390277862549, 1.0611037015914917, 1.0174082517623901, 0.9942182302474976, 0.9903798699378967, 1.04524564743042, 0.9747382998466492, 1.0159845352172852, 1.0369267463684082, 1.0605292320251465, 1.1340659856796265, 1.146483302116394, 1.0648138523101807, 0.9258394837379456, 1.0648878812789917, 1.0205086469650269, 0.9784519672393799, 1.0105782747268677, 0.8890363574028015, 0.9998227953910828, 1.0531749725341797, 1.005547046661377, 0.9955809116363525, 0.9517062902450562, 1.085096001625061, 0.9111484289169312, 1.0589743852615356, 0.9845641255378723, 0.956176221370697, 0.9052955508232117, 0.9998798966407776, 0.8597308993339539, 1.0133050680160522, 0.9245868921279907, 0.9885576367378235, 1.045319676399231, 1.0281797647476196, 0.8242437839508057, 0.9940866231918335, 1.008966326713562, 0.952208399772644, 1.07581627368927, 1.0278854370117188, 0.8334565162658691, 0.9766107201576233, 0.8675408363342285, 0.9906773567199707, 0.9930638074874878, 0.9532328844070435, 0.846778392791748, 0.8359834551811218, 0.9104982614517212, 0.9362087249755859, 0.9476528167724609, 0.9920366406440735, 0.8899334669113159, 0.866935133934021, 0.8610979318618774, 0.9696701765060425, 0.8929654955863953, 0.8667648434638977, 0.967704713344574, 0.8586856722831726, 0.9935446381568909, 1.0106080770492554, 0.9168565273284912, 0.9275293946266174, 0.7475368976593018, 0.7470155358314514, 0.818654477596283, 0.7389441132545471], "test_accuracy": [0.2538134557963447, 0.49522926139496265, 0.5383777975252266, 0.5620401420951466, 0.573997798952232, 0.5891262186302045, 0.5938602010347952, 0.6017400817717353, 0.6049573303755402, 0.6099540115068529, 0.6132934204239071, 0.6185365843111563, 0.6208284415154798, 0.625224050663017, 0.6253959399533412, 0.6308282901664191, 0.6331266337590566, 0.6284802175967067, 0.6383276361222641, 0.6385806052665148, 0.6403351733054851, 0.6427664878585622, 0.6449826705325541, 0.6515933812893643, 0.6494074684275049, 0.6495155748994069, 0.6518377019158629, 0.6538625361345882, 0.6527717418330966, 0.6560246655726292, 0.6588019208357928, 0.6596267732164054, 0.6573478887887102, 0.6589857018380262, 0.6612191815475226, 0.6630807749936758, 0.668323938880925, 0.6683693435991239, 0.6672850356859463, 0.6663445093803986, 0.6691574397792899, 0.6667142335143036, 0.6726092794271222, 0.6714168650420426, 0.670642822703224, 0.6730103544378788, 0.6706784978389516, 0.6747584360885349, 0.6714817289251839, 0.6732200809933687, 0.6743151995537365, 0.680157273295323, 0.6790308038581038, 0.6800556532117352, 0.6785875673233054, 0.6811896901019876, 0.6829172315229823, 0.6823410240277444, 0.6840112690186311, 0.6857323240513117, 0.6842036985386167, 0.6837669483921325, 0.6838339744047117, 0.6844004523174785, 0.6864620427366505, 0.6838923518995388, 0.6854350312535811, 0.6882058001284305, 0.6892663246177896, 0.6904619821970263, 0.6902879307772639, 0.688180935639893, 0.6904933330738778, 0.6918187184193969, 0.6914727777093104, 0.6953224491737422, 0.6925754637227112, 0.6948629966681585, 0.6973840395929143, 0.6929008642031363, 0.6932489670426609, 0.6950629936411773, 0.6970694497596793, 0.6974067419520137, 0.6960770323476185, 0.6948597534740015, 0.6969883699057527, 0.6990456360660487, 0.6987969911806741, 0.6971353947075396, 0.6996034654610633, 0.6982705126625111, 0.7005039923720073, 0.697953760699838, 0.7024877461314099, 0.6996013033316253, 0.7057795882008272, 0.703339625129998, 0.7030509808500196, 0.7004845332070649]}