{"task_name": "gpt2-large_Pile_5000_10", "train_loss": [3.048264503479004, 2.333174467086792, 2.1062326431274414, 1.9489549398422241, 1.946529507637024, 1.8189550638198853, 1.7901057004928589, 1.725850224494934, 1.6814571619033813, 1.6418513059616089, 1.5803335905075073, 1.5772652626037598, 1.5513709783554077, 1.4828343391418457, 1.5460401773452759, 1.481048583984375, 1.5124722719192505, 1.441098690032959, 1.4405208826065063, 1.3814703226089478, 1.4268878698349, 1.3803589344024658, 1.4317320585250854, 1.351860523223877, 1.324841022491455, 1.4203953742980957, 1.287294864654541, 1.3177064657211304, 1.3129956722259521, 1.3175959587097168, 1.276086449623108, 1.3330520391464233, 1.2158522605895996, 1.2499778270721436, 1.2865532636642456, 1.2493033409118652, 1.2579981088638306, 1.239393949508667, 1.2583420276641846, 1.2327516078948975, 1.1942647695541382, 1.1948108673095703, 1.2177437543869019, 1.253397822380066, 1.1340171098709106, 1.1976979970932007, 1.1814475059509277, 1.1705085039138794, 1.1926161050796509, 1.1383905410766602, 1.1514718532562256, 1.1739903688430786, 1.1506801843643188, 1.1481101512908936, 1.1228574514389038, 1.1308144330978394, 1.0920069217681885, 1.1347864866256714, 1.1174166202545166, 1.100522518157959, 1.0813618898391724, 1.1007386445999146, 1.1185306310653687, 1.0942474603652954, 1.0672791004180908, 1.098889708518982, 1.0630964040756226, 1.1164997816085815, 1.085092306137085, 1.107933759689331, 1.087059736251831, 1.0385894775390625, 1.0665993690490723, 1.0673508644104004, 1.04481041431427, 1.0702059268951416, 1.0232081413269043, 1.0465515851974487, 1.0724220275878906, 1.0296114683151245, 1.0614405870437622, 1.0328304767608643, 1.0876280069351196, 1.017128825187683, 1.0659388303756714, 1.0166901350021362, 1.0133808851242065, 1.023186206817627, 1.0337719917297363, 0.9749712347984314, 1.02313232421875, 1.0473374128341675, 1.0117828845977783, 1.0114085674285889, 1.0382953882217407, 1.0211925506591797, 1.003098964691162, 0.9748249650001526, 0.9661203026771545, 0.9513603448867798], "test_accuracy": [0.14587291591780696, 0.38294680911442214, 0.46086425391952046, 0.49976892329064043, 0.5266143613499205, 0.5410357101352137, 0.5652757920796093, 0.5763431502647247, 0.5806025291413406, 0.5917401562673139, 0.6004913420556909, 0.5989292094473888, 0.6120749066909545, 0.6134046112641112, 0.6146451283354099, 0.6234314485942157, 0.6198125981400352, 0.6326853275748837, 0.6324285756755953, 0.633515041607321, 0.6362203958303492, 0.6410662500979711, 0.6387554830043756, 0.6463823657390265, 0.6473958600783228, 0.644036464175002, 0.6533119643682417, 0.6477120703121833, 0.6531092655003824, 0.6564416348879886, 0.6550551746318313, 0.6550551746318313, 0.6557443507825528, 0.6573875629379985, 0.6607712827054624, 0.6590091538808726, 0.6604388565621732, 0.6681873586175396, 0.6653820062863676, 0.6668090063160967, 0.6660928036496607, 0.6714818908831455, 0.666260368047091, 0.6740358966181721, 0.6691062601518349, 0.6736737413075968, 0.6760088322653355, 0.6724305215847268, 0.6763763928790536, 0.675289926947328, 0.677349347444778, 0.6839303040212753, 0.6757737015786188, 0.6713062185310008, 0.6792006637712259, 0.6844167813041375, 0.6772439440334913, 0.6821168248168278, 0.6853329801868613, 0.683633012348415, 0.6865572813487313, 0.6835249062855567, 0.6902004556670549, 0.6875788836427419, 0.6864816071047305, 0.6891410162510438, 0.6869951109033072, 0.6859383741388676, 0.6910544935636352, 0.6920463666903599, 0.6902220768796266, 0.6948165845511031, 0.6962570978386895, 0.6939030883199507, 0.6979354444645642, 0.6989002910755743, 0.6906490958279168, 0.6950003648579621, 0.69534900691068, 0.6967219539089801, 0.6956598118413976, 0.7014867286294584, 0.6940733553689524, 0.6989354255460032, 0.6976381527917039, 0.701567808176602, 0.7007786339177366, 0.7027299483523285, 0.7015110524936015, 0.7002867513317316, 0.7007705259630224, 0.703851548754483, 0.7028812968403301, 0.7013921358244574, 0.7052731434810693, 0.705224495752783, 0.7037542532979105, 0.6973651849829868, 0.7083271397568154, 0.7003624255757324]}