{"task_name": "gpt2-large_Pile_5000_40", "train_loss": [2.432492733001709, 1.7069288492202759, 1.4887601137161255, 1.382729411125183, 1.3087563514709473, 1.3695094585418701, 1.3098602294921875, 1.2372205257415771, 1.242103934288025, 1.250871181488037, 1.107730507850647, 1.2091023921966553, 1.16702139377594, 1.122071385383606, 1.1099165678024292, 1.1222854852676392, 1.1271388530731201, 1.126064658164978, 1.045986533164978, 1.062264323234558, 1.0252903699874878, 1.1095836162567139, 1.0261472463607788, 0.9979642629623413, 1.065650224685669, 1.040269136428833, 1.0044387578964233, 1.0103071928024292, 1.038352608680725, 1.0426392555236816, 0.9680643081665039, 1.0429550409317017, 0.9856748580932617, 1.008841872215271, 1.046482801437378, 0.9785242676734924, 0.9419142007827759, 0.9717613458633423, 0.9682745933532715, 0.9618362188339233, 0.9326367974281311, 1.0004245042800903, 0.9958846569061279, 0.9434451460838318, 0.9950534701347351, 0.9140155911445618, 0.9209388494491577, 0.9552121758460999, 0.914607584476471, 0.9403358697891235, 0.8901796936988831, 0.9298440217971802, 0.9717069268226624, 0.9792488813400269, 0.8961900472640991, 0.8880428671836853, 0.891978919506073, 0.8986875414848328, 0.9127516746520996, 0.8475919365882874, 0.9145376086235046, 0.9304441213607788, 0.8681965470314026, 0.8855251669883728, 0.869245171546936, 0.9381871819496155, 0.8670812845230103, 0.8842331171035767, 0.8960500359535217, 0.8939160704612732, 0.8975315690040588, 0.9082214832305908, 0.9169369339942932, 0.9371519088745117, 0.878642737865448, 0.8697113990783691, 0.8825621604919434, 0.8595739006996155, 0.8677542209625244, 0.8788018226623535, 0.900885283946991, 0.867965579032898, 0.8342775106430054, 0.8385307788848877, 0.9132059216499329, 0.8133519887924194, 0.8862173557281494, 0.8552817702293396, 0.8739820718765259, 0.8475052118301392, 0.8452874422073364, 0.8688497543334961, 0.8687559366226196, 0.8327063322067261, 0.8445552587509155, 0.8750643134117126, 0.8424679040908813, 0.851971447467804, 0.8726828098297119, 0.862689197063446], "test_accuracy": [0.32004259378876615, 0.5293190399100558, 0.5609853327099217, 0.5770613799198393, 0.5890868280870362, 0.5972130256995138, 0.604366268746267, 0.6086026750845255, 0.614296486282692, 0.6180106052047664, 0.6228355139227095, 0.6269543549176096, 0.6301245652109284, 0.6319914217839122, 0.6354933825576273, 0.6376892869594359, 0.6397426264908501, 0.6430479693627418, 0.6444742937295781, 0.64644452672517, 0.6482735461761534, 0.6520660419938001, 0.6521937422805515, 0.65329507279592, 0.6555382736002292, 0.6563774469131665, 0.6590996927085163, 0.6598915696189531, 0.6610347912336794, 0.6627367860608042, 0.6638597377887445, 0.6648002605356115, 0.6654880853605473, 0.6678272302956431, 0.6691562592059069, 0.6700042161364514, 0.6713406773385369, 0.6709602791298543, 0.6736392825000608, 0.6729251068223033, 0.6750743904845043, 0.6764432835054472, 0.6763912574626967, 0.677882445467248, 0.6780804146948571, 0.679966189828841, 0.6804817206160965, 0.6811614374863179, 0.6817688584270027, 0.6828688376165857, 0.6832438305221252, 0.6839208447407752, 0.6853208182547897, 0.6859748599350823, 0.685489058315113, 0.6877599612980295, 0.6876038831697778, 0.6885525138713592, 0.6882275200198915, 0.6894829016748332, 0.6895511436270124, 0.6907470669473821, 0.6915666460364264, 0.6914375944238893, 0.6931814803503717, 0.6925112227606505, 0.6932402630220509, 0.6944875367222783, 0.6939321418243438, 0.6954158975370737, 0.6961476404500455, 0.6963800684851909, 0.6975341007062028, 0.6975955860294535, 0.6985198928668918, 0.6985307034731776, 0.698707727151108, 0.6995854132489385, 0.70000094592805, 0.7008076874221298, 0.6998921642022988, 0.7012536249314202, 0.7012326793817414, 0.7018900993764983, 0.703334666641442, 0.7032245335899051, 0.7036069587872662, 0.7038279005532327, 0.703851548754483, 0.7046832897755988, 0.7050028783239236, 0.7053812495439276, 0.7047515317277782, 0.7061204247487209, 0.7071014872691598, 0.7060494801449703, 0.7072460791282327, 0.7086102425089255, 0.7090811795452518, 0.7094304972608626]}