{"task_name": "gpt2-medium_Pile_5000_55", "train_loss": [1.732588291168213, 1.0937418937683105, 0.9794512987136841, 0.9269852638244629, 0.819342851638794, 0.7978899478912354, 0.818620502948761, 0.7729323506355286, 0.7141935229301453, 0.7613602876663208, 0.713524341583252, 0.7058489918708801, 0.7018769383430481, 0.6532472968101501, 0.6898335814476013, 0.6621116995811462, 0.6265747547149658, 0.6270385384559631, 0.6465871930122375, 0.6182955503463745, 0.6117069721221924, 0.6334975957870483, 0.6221163272857666, 0.6390997767448425, 0.6195885539054871, 0.5793426036834717, 0.5697841048240662, 0.557472825050354, 0.580423891544342, 0.5836145877838135, 0.5938138365745544, 0.5534718632698059, 0.5473940372467041, 0.5602650046348572, 0.514426589012146, 0.5454213619232178, 0.5736129283905029, 0.5731855630874634, 0.5768347382545471, 0.5381720066070557, 0.5449279546737671, 0.5178189873695374, 0.569471001625061, 0.5591781139373779, 0.5208949446678162, 0.5631361603736877, 0.5196719765663147, 0.5106483101844788, 0.5578387379646301, 0.5084291100502014, 0.5154872536659241, 0.5007418990135193, 0.5015144944190979, 0.4937209486961365, 0.52814781665802, 0.5210182666778564, 0.5311972498893738, 0.4792552590370178, 0.5119509696960449, 0.5038851499557495, 0.5431387424468994, 0.5111511945724487, 0.5476458072662354, 0.48696795105934143, 0.5011149048805237, 0.47111260890960693, 0.4735426604747772, 0.4510895311832428, 0.5157204866409302, 0.5006536245346069, 0.4567665755748749, 0.49295279383659363, 0.5021253824234009, 0.4989614188671112, 0.5136675238609314, 0.5065819025039673, 0.4711700975894928, 0.4741104245185852, 0.5027433633804321, 0.45514407753944397, 0.4705756604671478, 0.452210396528244, 0.47378337383270264, 0.45216965675354004, 0.4625644087791443, 0.4651598632335663, 0.48381274938583374, 0.4608091711997986, 0.5173521041870117, 0.42697545886039734, 0.4611518681049347, 0.4628622233867645, 0.4826422333717346, 0.4632924199104309, 0.4636349081993103, 0.4755159020423889, 0.4631979763507843, 0.46963775157928467, 0.4809530973434448, 0.47812676429748535], "test_accuracy": [0.49629745454545454, 0.6700298181818182, 0.7056443636363636, 0.7252283636363637, 0.738554909090909, 0.7466901818181818, 0.7536378181818182, 0.7620967272727273, 0.7658109090909091, 0.7704101818181818, 0.7741018181818182, 0.7776181818181818, 0.7794698181818182, 0.7833992727272727, 0.7861774545454545, 0.7865316363636363, 0.7900072727272728, 0.7915563636363636, 0.7946836363636364, 0.794850909090909, 0.7957505454545455, 0.7979287272727272, 0.7993069090909091, 0.7999221818181819, 0.8027534545454545, 0.8043723636363637, 0.804688, 0.8066545454545454, 0.8055425454545454, 0.807048, 0.8088916363636364, 0.8095963636363637, 0.8116014545454545, 0.8117367272727273, 0.81252, 0.8125956363636364, 0.8137105454545455, 0.8149556363636363, 0.8142167272727273, 0.8162210909090909, 0.8170727272727273, 0.8190756363636363, 0.8186865454545454, 0.8199541818181818, 0.8202952727272728, 0.8201585454545455, 0.8211738181818182, 0.8216654545454546, 0.8218261818181818, 0.8230036363636364, 0.8238989090909091, 0.8223265454545454, 0.8253570909090909, 0.8244094545454546, 0.8264727272727272, 0.8253389090909091, 0.825698909090909, 0.826389090909091, 0.8270916363636364, 0.8261025454545454, 0.8273389090909091, 0.8288305454545455, 0.829104, 0.8301629090909091, 0.8296625454545454, 0.8314785454545455, 0.8304574545454545, 0.8311352727272727, 0.83224, 0.8310756363636363, 0.832064, 0.8332530909090909, 0.8333592727272727, 0.8345323636363636, 0.8343483636363637, 0.8348392727272728, 0.8356465454545454, 0.8338203636363636, 0.8365032727272728, 0.8360981818181819, 0.8370094545454545, 0.8362232727272727, 0.8372545454545455, 0.8355098181818181, 0.8375229090909091, 0.8376930909090909, 0.8378756363636364, 0.8386429090909091, 0.8392829090909091, 0.8400625454545455, 0.8401716363636363, 0.8401032727272727, 0.8398458181818181, 0.840933090909091, 0.8400225454545455, 0.8406552727272727, 0.8415549090909091, 0.8404130909090909, 0.8422043636363636, 0.8424210909090909]}