{"task_name": "gpt2_Pile_1000_10_normalized", "train_loss": [1.4941188097000122, 0.8881546854972839, 0.7393906116485596, 0.705549955368042, 0.6098964810371399, 0.6048626899719238, 0.5794169902801514, 0.5760377049446106, 0.5164297223091125, 0.5063326954841614, 0.4871821701526642, 0.48897305130958557, 0.47902801632881165, 0.45129403471946716, 0.4660069942474365, 0.4216274917125702, 0.4172670841217041, 0.4384360611438751, 0.41280531883239746, 0.42065131664276123, 0.47360894083976746, 0.37737929821014404, 0.3848082721233368, 0.35309457778930664, 0.4390246570110321, 0.40412452816963196, 0.36589935421943665, 0.3781440258026123, 0.39831557869911194, 0.403425008058548, 0.3740066587924957, 0.38833674788475037, 0.3502022325992584, 0.3175630271434784, 0.3761734068393707, 0.3296283483505249, 0.34472402930259705, 0.3778942823410034, 0.3545413017272949, 0.3221127390861511, 0.36344337463378906, 0.32751235365867615, 0.35467299818992615, 0.3207681179046631, 0.3389519155025482, 0.32155540585517883, 0.33353912830352783, 0.3549177646636963, 0.35686132311820984, 0.31295356154441833, 0.3234972059726715, 0.3594043254852295, 0.33710917830467224, 0.3194478452205658, 0.3412397801876068, 0.32483693957328796, 0.29950782656669617, 0.30377495288848877, 0.3367643356323242, 0.3252977430820465, 0.2960301637649536, 0.28120991587638855, 0.2997148334980011, 0.2802567780017853, 0.29854533076286316, 0.28267407417297363, 0.30385535955429077, 0.3193400800228119, 0.29519394040107727, 0.3070851266384125, 0.3013455271720886, 0.319110631942749, 0.3090626299381256, 0.2468770295381546, 0.32126614451408386, 0.2890848219394684, 0.2578372359275818, 0.2628788948059082, 0.24844183027744293, 0.2660987675189972, 0.29214105010032654, 0.241354301571846, 0.27662816643714905, 0.29262688755989075, 0.31304803490638733, 0.2908359169960022, 0.2724620997905731, 0.2675045132637024, 0.25531861186027527, 0.2787826657295227, 0.28712162375450134, 0.2461283951997757, 0.2894257605075836, 0.25832852721214294, 0.2891432046890259, 0.2682090699672699, 0.2530614733695984, 0.2353670448064804, 0.3050117790699005, 0.2678164541721344], "test_accuracy": [0.4895833333333333, 0.7414583333333333, 0.797, 0.8134166666666667, 0.8380416666666667, 0.8507916666666666, 0.8512916666666667, 0.8514583333333333, 0.8621666666666666, 0.8582916666666667, 0.867375, 0.8667916666666666, 0.87925, 0.8714583333333333, 0.8772083333333334, 0.8832916666666667, 0.8880416666666666, 0.8949583333333333, 0.8855833333333333, 0.8789166666666667, 0.8804583333333333, 0.8882916666666667, 0.8975, 0.8907083333333333, 0.8845833333333334, 0.8891666666666667, 0.8865, 0.885375, 0.893, 0.89475, 0.8927083333333333, 0.8965, 0.8932083333333334, 0.8969583333333333, 0.8994583333333334, 0.9034166666666666, 0.897, 0.8978333333333334, 0.8991666666666667, 0.8969166666666667, 0.89875, 0.90825, 0.903375, 0.9123333333333333, 0.900375, 0.8952083333333334, 0.9048333333333334, 0.9023333333333333, 0.8991666666666667, 0.89675, 0.9059583333333333, 0.908, 0.9055416666666667, 0.9102083333333333, 0.8999583333333333, 0.903875, 0.9002916666666667, 0.9067083333333333, 0.9085, 0.9105, 0.9133333333333333, 0.904125, 0.9100833333333334, 0.8999166666666667, 0.904, 0.9081666666666667, 0.9090833333333334, 0.919, 0.9047916666666667, 0.91025, 0.9172916666666666, 0.9215, 0.9122083333333333, 0.9208333333333333, 0.9116666666666666, 0.923875, 0.9128333333333334, 0.9085, 0.90925, 0.914125, 0.9135, 0.925125, 0.91175, 0.91675, 0.9050833333333334, 0.9174583333333334, 0.9119583333333333, 0.9212916666666666, 0.918, 0.9232083333333333, 0.9153333333333333, 0.9143333333333333, 0.9169166666666667, 0.9164583333333334, 0.912875, 0.914375, 0.9219583333333333, 0.918, 0.9200416666666666, 0.905], "confusion_matrix": [[[1819.0, 139.0, 31.0, 14.0, 0.0, 0.0, 0.0, 0.0, 0.0, 0.0, 0.0, 0.0], [445.0, 1437.0, 60.0, 34.0, 4.0, 0.0, 0.0, 0.0, 0.0, 0.0, 0.0, 0.0], [298.0, 714.0, 345.0, 354.0, 66.0, 12.0, 2.0, 189.0, 0.0, 0.0, 0.0, 0.0], [180.0, 410.0, 301.0, 552.0, 250.0, 91.0, 23.0, 185.0, 0.0, 0.0, 0.0, 0.0], [73.0, 117.0, 204.0, 554.0, 476.0, 302.0, 121.0, 196.0, 1.0, 0.0, 0.0, 0.0], [39.0, 47.0, 97.0, 344.0, 401.0, 469.0, 324.0, 283.0, 13.0, 1.0, 0.0, 0.0], [18.0, 18.0, 21.0, 126.0, 193.0, 298.0, 570.0, 601.0, 133.0, 22.0, 0.0, 0.0], [8.0, 6.0, 9.0, 30.0, 52.0, 79.0, 241.0, 776.0, 571.0, 218.0, 7.0, 0.0], [1.0, 3.0, 3.0, 6.0, 15.0, 36.0, 99.0, 532.0, 671.0, 558.0, 40.0, 0.0], [0.0, 2.0, 0.0, 0.0, 0.0, 16.0, 30.0, 260.0, 247.0, 1088.0, 394.0, 0.0], [0.0, 0.0, 0.0, 0.0, 0.0, 0.0, 0.0, 203.0, 1.0, 28.0, 1773.0, 1.0], [0.0, 0.0, 0.0, 0.0, 0.0, 0.0, 197.0, 0.0, 0.0, 1.0, 7.0, 1774.0]], [[2002.0, 1.0, 0.0, 0.0, 0.0, 0.0, 0.0, 0.0, 0.0, 0.0, 0.0, 0.0], [2.0, 1943.0, 35.0, 0.0, 0.0, 0.0, 0.0, 0.0, 0.0, 0.0, 0.0, 0.0], [1.0, 31.0, 1902.0, 43.0, 3.0, 0.0, 0.0, 0.0, 0.0, 0.0, 0.0, 0.0], [0.0, 20.0, 295.0, 1552.0, 119.0, 6.0, 0.0, 0.0, 0.0, 0.0, 0.0, 0.0], [0.0, 0.0, 195.0, 146.0, 1560.0, 135.0, 8.0, 0.0, 0.0, 0.0, 0.0, 0.0], [0.0, 1.0, 78.0, 20.0, 390.0, 1357.0, 163.0, 9.0, 0.0, 0.0, 0.0, 0.0], [0.0, 0.0, 0.0, 2.0, 153.0, 140.0, 1529.0, 152.0, 24.0, 0.0, 0.0, 0.0], [0.0, 0.0, 1.0, 0.0, 6.0, 31.0, 173.0, 1474.0, 312.0, 0.0, 0.0, 0.0], [0.0, 0.0, 1.0, 0.0, 1.0, 4.0, 18.0, 120.0, 1765.0, 55.0, 0.0, 0.0], [0.0, 0.0, 0.0, 0.0, 0.0, 0.0, 1.0, 5.0, 266.0, 1762.0, 3.0, 0.0], [0.0, 0.0, 0.0, 0.0, 0.0, 0.0, 0.0, 0.0, 0.0, 9.0, 1997.0, 0.0], [0.0, 0.0, 0.0, 0.0, 0.0, 0.0, 0.0, 0.0, 1.0, 1.0, 3.0, 1974.0]], [[2002.0, 1.0, 0.0, 0.0, 0.0, 0.0, 0.0, 0.0, 0.0, 0.0, 0.0, 0.0], [1.0, 1953.0, 26.0, 0.0, 0.0, 0.0, 0.0, 0.0, 0.0, 0.0, 0.0, 0.0], [0.0, 21.0, 1922.0, 31.0, 6.0, 0.0, 0.0, 0.0, 0.0, 0.0, 0.0, 0.0], [0.0, 13.0, 280.0, 1589.0, 106.0, 4.0, 0.0, 0.0, 0.0, 0.0, 0.0, 0.0], [0.0, 0.0, 192.0, 113.0, 1614.0, 119.0, 6.0, 0.0, 0.0, 0.0, 0.0, 0.0], [0.0, 1.0, 9.0, 18.0, 451.0, 1397.0, 134.0, 8.0, 0.0, 0.0, 0.0, 0.0], [0.0, 0.0, 0.0, 2.0, 241.0, 108.0, 1538.0, 110.0, 1.0, 0.0, 0.0, 0.0], [0.0, 0.0, 1.0, 0.0, 152.0, 25.0, 144.0, 1512.0, 163.0, 0.0, 0.0, 0.0], [0.0, 0.0, 1.0, 0.0, 1.0, 2.0, 11.0, 97.0, 1806.0, 46.0, 0.0, 0.0], [0.0, 0.0, 0.0, 0.0, 0.0, 0.0, 1.0, 2.0, 79.0, 1822.0, 133.0, 0.0], [0.0, 0.0, 0.0, 0.0, 0.0, 0.0, 0.0, 0.0, 0.0, 6.0, 2000.0, 0.0], [0.0, 0.0, 0.0, 0.0, 0.0, 0.0, 0.0, 0.0, 1.0, 0.0, 2.0, 1976.0]], [[2003.0, 0.0, 0.0, 0.0, 0.0, 0.0, 0.0, 0.0, 0.0, 0.0, 0.0, 0.0], [1.0, 1956.0, 23.0, 0.0, 0.0, 0.0, 0.0, 0.0, 0.0, 0.0, 0.0, 0.0], [0.0, 15.0, 1923.0, 42.0, 0.0, 0.0, 0.0, 0.0, 0.0, 0.0, 0.0, 0.0], [0.0, 11.0, 175.0, 1728.0, 74.0, 4.0, 0.0, 0.0, 0.0, 0.0, 0.0, 0.0], [0.0, 0.0, 160.0, 162.0, 1546.0, 170.0, 6.0, 0.0, 0.0, 0.0, 0.0, 0.0], [1.0, 0.0, 145.0, 14.0, 163.0, 1581.0, 106.0, 8.0, 0.0, 0.0, 0.0, 0.0], [0.0, 0.0, 0.0, 2.0, 22.0, 337.0, 1527.0, 110.0, 2.0, 0.0, 0.0, 0.0], [0.0, 0.0, 1.0, 0.0, 3.0, 76.0, 124.0, 1566.0, 227.0, 0.0, 0.0, 0.0], [0.0, 0.0, 0.0, 0.0, 1.0, 2.0, 6.0, 86.0, 1829.0, 40.0, 0.0, 0.0], [0.0, 0.0, 0.0, 0.0, 0.0, 0.0, 0.0, 1.0, 176.0, 1789.0, 71.0, 0.0], [0.0, 0.0, 0.0, 0.0, 0.0, 0.0, 0.0, 0.0, 0.0, 5.0, 2001.0, 0.0], [0.0, 0.0, 0.0, 0.0, 0.0, 0.0, 0.0, 0.0, 1.0, 0.0, 2.0, 1976.0]], [[2003.0, 0.0, 0.0, 0.0, 0.0, 0.0, 0.0, 0.0, 0.0, 0.0, 0.0, 0.0], [1.0, 1955.0, 24.0, 0.0, 0.0, 0.0, 0.0, 0.0, 0.0, 0.0, 0.0, 0.0], [0.0, 13.0, 1934.0, 32.0, 1.0, 0.0, 0.0, 0.0, 0.0, 0.0, 0.0, 0.0], [0.0, 8.0, 148.0, 1752.0, 80.0, 4.0, 0.0, 0.0, 0.0, 0.0, 0.0, 0.0], [0.0, 0.0, 109.0, 192.0, 1593.0, 145.0, 5.0, 0.0, 0.0, 0.0, 0.0, 0.0], [1.0, 0.0, 142.0, 14.0, 177.0, 1561.0, 116.0, 7.0, 0.0, 0.0, 0.0, 0.0], [0.0, 0.0, 0.0, 2.0, 22.0, 282.0, 1597.0, 95.0, 2.0, 0.0, 0.0, 0.0], [0.0, 0.0, 1.0, 0.0, 3.0, 32.0, 182.0, 1561.0, 218.0, 0.0, 0.0, 0.0], [0.0, 0.0, 0.0, 0.0, 0.0, 2.0, 6.0, 72.0, 1847.0, 36.0, 1.0, 0.0], [0.0, 0.0, 0.0, 0.0, 0.0, 0.0, 0.0, 1.0, 74.0, 1790.0, 172.0, 0.0], [0.0, 0.0, 0.0, 0.0, 0.0, 0.0, 0.0, 0.0, 0.0, 5.0, 2001.0, 0.0], [1.0, 0.0, 0.0, 0.0, 0.0, 0.0, 0.0, 0.0, 0.0, 0.0, 2.0, 1976.0]], [[2003.0, 0.0, 0.0, 0.0, 0.0, 0.0, 0.0, 0.0, 0.0, 0.0, 0.0, 0.0], [1.0, 1959.0, 20.0, 0.0, 0.0, 0.0, 0.0, 0.0, 0.0, 0.0, 0.0, 0.0], [0.0, 