{"task_name": "gpt2_Pile_3000_30", "train_loss": [1.6880186796188354, 1.2346638441085815, 1.024558424949646, 0.9885451197624207, 0.9524979591369629, 0.8738317489624023, 0.881713330745697, 0.8181061744689941, 0.772279679775238, 0.7570264339447021, 0.7269764542579651, 0.7710654139518738, 0.703325092792511, 0.686082124710083, 0.6591363549232483, 0.6925097107887268, 0.640614926815033, 0.6028321385383606, 0.642155110836029, 0.6391394138336182, 0.5774288773536682, 0.6366904377937317, 0.5990890264511108, 0.5563579797744751, 0.570668637752533, 0.5664331316947937, 0.5433892011642456, 0.5682385563850403, 0.529026210308075, 0.5588832497596741, 0.5314537882804871, 0.5594784617424011, 0.5707971453666687, 0.5367992520332336, 0.5167937874794006, 0.5422981977462769, 0.4957350790500641, 0.5256189107894897, 0.4778769016265869, 0.4774570167064667, 0.5167321562767029, 0.5033882260322571, 0.5186694264411926, 0.5005672574043274, 0.48800885677337646, 0.45950615406036377, 0.4553074836730957, 0.49543532729148865, 0.5067443251609802, 0.5038197636604309, 0.46834465861320496, 0.4632011353969574, 0.4572000503540039, 0.4749005138874054, 0.5073397159576416, 0.4683627188205719, 0.42472732067108154, 0.45757150650024414, 0.44699132442474365, 0.44311559200286865, 0.430637925863266, 0.4586539566516876, 0.46446606516838074, 0.4219697415828705, 0.39629098773002625, 0.4092768132686615, 0.44912251830101013, 0.4001767635345459, 0.42598795890808105, 0.430285781621933, 0.42501094937324524, 0.4271790683269501, 0.4353891611099243, 0.4333399534225464, 0.42175164818763733, 0.4362626373767853, 0.4126385748386383, 0.42194005846977234, 0.4106602668762207, 0.4290001094341278, 0.37966683506965637, 0.39444994926452637, 0.44430410861968994, 0.4018577039241791, 0.40639325976371765, 0.4317629337310791, 0.3999474048614502, 0.38118794560432434, 0.4372217357158661, 0.3601873219013214, 0.392161101102829, 0.3936561048030853, 0.41418448090553284, 0.36163902282714844, 0.3772071897983551, 0.3773364722728729, 0.4232102334499359, 0.3859238922595978, 0.38393139839172363, 0.3839227259159088], "test_accuracy": [0.4540092592592593, 0.6879212962962963, 0.7303425925925926, 0.7590648148148148, 0.7726944444444445, 0.7861851851851852, 0.790787037037037, 0.8031851851851852, 0.8102685185185186, 0.8170879629629629, 0.8220231481481481, 0.8265787037037037, 0.8296574074074075, 0.8310787037037037, 0.8339120370370371, 0.8394861111111112, 0.839375, 0.8433425925925926, 0.8443194444444444, 0.8461620370370371, 0.8483703703703703, 0.8531157407407407, 0.8546342592592593, 0.8545462962962963, 0.8573287037037037, 0.8554768518518518, 0.8586296296296296, 0.8604027777777777, 0.8624351851851851, 0.8607731481481481, 0.8619768518518518, 0.8659166666666667, 0.8676435185185185, 0.865175925925926, 0.8671805555555555, 0.8685, 0.8695231481481481, 0.8696064814814815, 0.8705046296296296, 0.8713009259259259, 0.8718194444444445, 0.8729166666666667, 0.8725185185185185, 0.8732314814814814, 0.8757268518518518, 0.8741203703703704, 0.8766666666666667, 0.876087962962963, 0.8783009259259259, 0.8793240740740741, 0.8778472222222222, 0.879712962962963, 0.8793240740740741, 0.8798194444444445, 0.8815, 0.8799675925925926, 0.8796805555555556, 0.8819722222222223, 0.8844074074074074, 0.8831296296296296, 0.8853055555555556, 0.8848194444444445, 0.8866203703703703, 0.8866388888888889, 0.8870925925925925, 0.8858333333333334, 0.8854398148148148, 0.8869583333333333, 0.8884583333333333, 0.8892083333333334, 0.8883194444444444, 0.888175925925926, 0.8877685185185186, 0.8903101851851852, 0.8880694444444445, 0.8886805555555556, 0.8882685185185185, 0.887962962962963, 0.8884305555555555, 0.8874120370370371, 0.889125, 0.8884768518518519, 0.8928333333333334, 0.8906064814814815, 0.8932453703703703, 0.8915092592592593, 0.8939259259259259, 0.8924722222222222, 0.8924166666666666, 0.8928101851851852, 0.8954722222222222, 0.8920972222222222, 0.8954120370370371, 0.8946435185185185, 0.8953333333333333, 0.8937777777777778, 0.895087962962963, 0.8951898148148149, 0.8946527777777777, 0.8973287037037037],