{"task_name": "gpt2_Pile_5000_40", "train_loss": [1.4750579595565796, 0.9639143347740173, 0.7998065948486328, 0.7038847804069519, 0.6999202370643616, 0.6145417094230652, 0.6224949955940247, 0.5823693871498108, 0.5320279598236084, 0.5205017328262329, 0.5279104709625244, 0.4972471296787262, 0.511327862739563, 0.5039634108543396, 0.47982925176620483, 0.46051719784736633, 0.4708167314529419, 0.4518923759460449, 0.45245829224586487, 0.4339354932308197, 0.4308035969734192, 0.42763516306877136, 0.420576274394989, 0.4061605930328369, 0.39402079582214355, 0.4214193820953369, 0.39582476019859314, 0.39012831449508667, 0.40182483196258545, 0.4079064428806305, 0.3832334876060486, 0.37554121017456055, 0.3887893855571747, 0.3992063105106354, 0.3817167580127716, 0.374976247549057, 0.3407341241836548, 0.35507917404174805, 0.3824911415576935, 0.35228994488716125, 0.3577943444252014, 0.34759023785591125, 0.32281720638275146, 0.34953734278678894, 0.314579039812088, 0.34572386741638184, 0.3518897593021393, 0.36090654134750366, 0.33579638600349426, 0.31545668840408325, 0.3227474093437195, 0.3215116560459137, 0.3173771798610687, 0.34788188338279724, 0.28447166085243225, 0.3221838176250458, 0.32135045528411865, 0.3292621672153473, 0.3228320777416229, 0.2861764430999756, 0.31919822096824646, 0.3063978850841522, 0.35368475317955017, 0.29921582341194153, 0.287860631942749, 0.3024608790874481, 0.29091742634773254, 0.30776140093803406, 0.298462450504303, 0.32532912492752075, 0.3201847970485687, 0.31144386529922485, 0.3406311571598053, 0.29323810338974, 0.297138512134552, 0.35693976283073425, 0.3309937119483948, 0.31304535269737244, 0.28570348024368286, 0.2964142858982086, 0.28273168206214905, 0.2645335793495178, 0.29485031962394714, 0.35861873626708984, 0.2960015535354614, 0.30103668570518494, 0.33006495237350464, 0.29411643743515015, 0.2825263440608978, 0.29399168491363525, 0.2674897313117981, 0.28953465819358826, 0.29566439986228943, 0.2883990705013275, 0.2810365855693817, 0.29296544194221497, 0.2943374216556549, 0.2872788906097412, 0.28504976630210876, 0.2774195671081543], "test_accuracy": [0.5973719534005377, 0.7723526267004611, 0.8038772629546582, 0.8229616581347138, 0.8334653830917336, 0.8414633677303723, 0.8510728722360896, 0.8516613269846887, 0.859590081652904, 0.8639400314611755, 0.8670457648565594, 0.8708130290804337, 0.871359176624885, 0.8727649296354273, 0.8756822036668808, 0.8787610142959889, 0.8785475552205166, 0.8812802159975077, 0.8839686465156171, 0.88386864766945, 0.8850686338234559, 0.8861993900070384, 0.8862647738679938, 0.8881397522336281, 0.8889416660576993, 0.8907454913981762, 0.8894724291642788, 0.8915397130033115, 0.8911281792902389, 0.8941473752225936, 0.8957435106518001, 0.8954646677153725, 0.8970781106371849, 0.8955665896162737, 0.89647234839598, 0.8975684895943509, 0.8985877086033622, 0.8985704011107564, 0.8994242374126452, 0.9009280662146206, 0.9001088448979435, 0.9019415160594301, 0.9017261339292238, 0.902191513174848, 0.9029203509190279, 0.9036376503348038, 0.9049453275539129, 0.904214566754999, 0.9032915004826867, 0.9053010926796998, 0.9052818621323601, 0.9068953050541725, 0.9071991477021419, 0.907312607931447, 0.9075568358826629, 0.9078645246401003, 0.9079818309788733, 0.9088702822659739, 0.9082491355868971, 0.909574120298612, 0.9097760410456802, 0.908737591489329, 0.9095971969554197, 0.9110317957869717, 0.9097875793740842, 0.91123371653404, 0.9103606496848113, 0.9096298888858975, 0.9111856401656904, 0.9114952519778617, 0.9128048522517048, 0.9129683119040934, 0.9123567804986865, 0.9121087064380027, 0.9140452225551243, 0.9141202216897497, 0.9135452283242885, 0.9138894551216716, 0.9145125248554824, 0.913731764633485, 0.9156240504917251, 0.9157336646115621, 0.9143548343672958, 0.9137721487828987, 0.9144048337903793, 0.9156336657653951, 0.915635588820129, 0.9163625035095749, 0.9160740452994773, 0.9160586608616055, 0.9170201882285973, 0.9170317265570013, 0.9174797983100195, 0.9167182686353619, 0.9182336357657411, 0.9182336357657411, 0.9162759660465456, 0.9168855743972185, 0.9189124740868374, 0.9181817132879236]}