{"task_name": "gpt2_Pile_5000_25", "train_loss": [1.7359894514083862, 1.0688186883926392, 0.943480372428894, 0.8306897878646851, 0.7896089553833008, 0.7601943612098694, 0.7234517931938171, 0.6704170107841492, 0.6946922540664673, 0.6274834275245667, 0.6000362634658813, 0.5812410116195679, 0.6309185028076172, 0.5504946112632751, 0.5406537652015686, 0.5686540603637695, 0.5204223990440369, 0.5322169661521912, 0.5051740407943726, 0.5253920555114746, 0.535738468170166, 0.5075567960739136, 0.49102532863616943, 0.49800682067871094, 0.4826388359069824, 0.485122412443161, 0.488722562789917, 0.4485498070716858, 0.47024092078208923, 0.4527752697467804, 0.44939443469047546, 0.47992032766342163, 0.4579346776008606, 0.4383697509765625, 0.4458727538585663, 0.4438762962818146, 0.43017005920410156, 0.4196173846721649, 0.428636372089386, 0.4237581789493561, 0.417236864566803, 0.42511940002441406, 0.4166068434715271, 0.3924523890018463, 0.4052737057209015, 0.415764182806015, 0.38594290614128113, 0.40083014965057373, 0.40540415048599243, 0.3862122595310211, 0.384704053401947, 0.4088430106639862, 0.3894355297088623, 0.38073498010635376, 0.3769580125808716, 0.39738941192626953, 0.36618536710739136, 0.3500354290008545, 0.3632063567638397, 0.40123283863067627, 0.39521580934524536, 0.34867382049560547, 0.363735169172287, 0.3805391490459442, 0.38627007603645325, 0.38125571608543396, 0.35285714268684387, 0.37270528078079224, 0.3374902606010437, 0.33715900778770447, 0.35134992003440857, 0.35232609510421753, 0.35517820715904236, 0.3206212818622589, 0.3494253158569336, 0.3479577600955963, 0.33392786979675293, 0.35001590847969055, 0.3426245450973511, 0.33993494510650635, 0.3386162221431732, 0.35269200801849365, 0.33737611770629883, 0.3369302749633789, 0.3223840892314911, 0.3589952886104584, 0.3310399651527405, 0.31919893622398376, 0.34069591760635376, 0.336764395236969, 0.3280491232872009, 0.3239780068397522, 0.32142889499664307, 0.31960493326187134, 0.3063187003135681, 0.3378494381904602, 0.3303198516368866, 0.340842068195343, 0.3022696375846863, 0.30938100814819336], "test_accuracy": [0.5525470455748237, 0.7327571352967963, 0.7761504473791092, 0.7994147764335208, 0.8102361817085328, 0.8262421385582946, 0.8299744003150731, 0.8392604398715092, 0.8438511526011988, 0.8537187234618651, 0.8509649112010929, 0.8557556214692742, 0.8617586245092368, 0.8632786058017747, 0.8650324303700877, 0.8663339528128885, 0.8704169794833294, 0.871755424548621, 0.8722015729037181, 0.8758938351527982, 0.8740077045205598, 0.8776876592288095, 0.876490750883066, 0.8796137893687462, 0.8812506922991717, 0.8815429963938906, 0.8851091063494603, 0.8837398924320932, 0.8883059900801221, 0.8885767559783879, 0.8871336968160392, 0.8905213474295701, 0.8918105623315405, 0.8891244415453349, 0.8915397964332746, 0.8913305682391601, 0.8943151468904998, 0.8956258999889232, 0.8921951729824864, 0.8936690009969108, 0.8952289817971472, 0.8976104909478038, 0.8963920444056073, 0.8973428019347455, 0.8980043322543723, 0.8998227714120441, 0.8995889281362691, 0.8987950917527169, 0.9015581346691117, 0.8981920222520339, 0.900668914844125, 0.9025488917059482, 0.9027888887521385, 0.9008658354974093, 0.9040104121795424, 0.9022350494147764, 0.9039765664422592, 0.9026904284254963, 0.9023704323639093, 0.9045427133204514, 0.9045334826648287, 0.906924222471108, 0.9052473200329842, 0.907407293448696, 0.9059026965821959, 0.9053457803596263, 0.9064996123124639, 0.90678268575156, 0.9079457483600202, 0.9076011372167727, 0.9080134398345866, 0.9071149893539772, 0.9072996024664312, 0.9086472781873454, 0.910638022916641, 0.9107057143912075, 0.9107395601284908, 0.9110810943865306, 0.9101272599721849, 0.9105303319343762, 0.910964172748643, 0.9106134078349805, 0.9106503304574713, 0.911908776507366, 0.9113641678256268, 0.9118903151961206, 0.9132718366543181, 0.9134626035371872, 0.913059531574996, 0.9126041525642762, 0.9142102866426259, 0.9130072245264673, 0.9145395133598355, 0.9126349214163518, 0.9148748938474603, 0.9146656656533458, 0.9145548977858734, 0.9154564251516905, 0.9153241190877651, 0.9159456498996935]}