{"task_name": "gpt2_Pile_1000_10", "train_loss": [3.1387827396392822, 2.074183940887451, 1.9784950017929077, 1.9886671304702759, 1.9129152297973633, 1.9003069400787354, 1.9293911457061768, 1.9250420331954956, 1.9113829135894775, 1.8512009382247925, 1.922756314277649, 1.9544646739959717, 1.8901772499084473, 1.9260931015014648, 1.8891332149505615, 1.8695518970489502, 1.9359239339828491, 1.9173957109451294, 1.8795089721679688, 1.9133613109588623, 1.9496934413909912, 1.8900806903839111, 1.8553508520126343, 1.866668462753296, 1.8606606721878052, 1.9083575010299683, 1.8985506296157837, 1.91396963596344, 1.8446669578552246, 1.875481367111206, 1.902831792831421, 1.9247161149978638, 1.9155412912368774, 1.897825002670288, 1.901825189590454, 1.8390920162200928, 1.8838790655136108, 1.8967465162277222, 1.9326837062835693, 1.887028455734253, 1.970986008644104, 1.8343324661254883, 1.8769474029541016, 1.8765857219696045, 1.9287691116333008, 1.8642650842666626, 1.878609299659729, 1.9208741188049316, 1.865837812423706, 1.8878247737884521, 1.8976126909255981, 1.8624194860458374, 1.9199377298355103, 1.8649680614471436, 1.8847880363464355, 1.8516364097595215, 1.8913238048553467, 1.8960387706756592, 1.923993706703186, 1.851895809173584, 1.899425745010376, 1.8585635423660278, 1.9093177318572998, 1.9005142450332642, 1.9220057725906372, 1.8399566411972046, 1.853316307067871, 1.861558198928833, 1.88974130153656, 1.938371181488037, 1.9206809997558594, 1.91550612449646, 1.8832013607025146, 1.8499832153320312, 1.911878228187561, 1.9137213230133057, 1.88273286819458, 1.8960464000701904, 1.9070032835006714, 1.888035774230957, 1.8418077230453491, 1.9228523969650269, 1.891824722290039, 1.8777490854263306, 1.8687602281570435, 1.8980066776275635, 1.9157488346099854, 1.9290411472320557, 1.8650330305099487, 1.8816232681274414, 1.8529770374298096, 1.857198715209961, 1.9052748680114746, 1.8581572771072388, 1.9251172542572021, 1.881119966506958, 1.8772697448730469, 1.8883888721466064, 1.8643617630004883, 1.8890304565429688], "test_accuracy": [0.16995833333333332, 0.27570833333333333, 0.2994583333333333, 0.3335, 0.35441666666666666, 0.3630833333333333, 0.37304166666666666, 0.3722083333333333, 0.37825, 0.3747083333333333, 0.39858333333333335, 0.402125, 0.41554166666666664, 0.41329166666666667, 0.4405, 0.42775, 0.42645833333333333, 0.436, 0.44466666666666665, 0.444375, 0.44358333333333333, 0.448875, 0.44925, 0.4527083333333333, 0.44579166666666664, 0.46108333333333335, 0.4595416666666667, 0.45525, 0.45675, 0.45529166666666665, 0.44925, 0.4563333333333333, 0.4639583333333333, 0.45966666666666667, 0.45970833333333333, 0.47570833333333334, 0.474875, 0.46329166666666666, 0.45295833333333335, 0.4834583333333333, 0.4685416666666667, 0.46525, 0.48141666666666666, 0.4644583333333333, 0.4568333333333333, 0.4639583333333333, 0.48691666666666666, 0.46875, 0.48475, 0.45970833333333333, 0.46225, 0.489125, 0.48575, 0.4579166666666667, 0.485, 0.4646666666666667, 0.45866666666666667, 0.46066666666666667, 0.47329166666666667, 0.4643333333333333, 0.45975, 0.468875, 0.4665, 0.4620416666666667, 0.4635, 0.48491666666666666, 0.46045833333333336, 0.47483333333333333, 0.464, 0.4715, 0.47675, 0.4850833333333333, 0.46408333333333335, 0.4646666666666667, 0.4725, 0.454875, 0.4638333333333333, 0.463, 0.46741666666666665, 0.4483333333333333, 0.46770833333333334, 0.4660416666666667, 0.4568333333333333, 0.467, 0.46291666666666664, 0.46379166666666666, 0.45920833333333333, 0.464, 0.45166666666666666, 0.455875, 0.4529166666666667, 0.45316666666666666, 0.4620416666666667, 0.46529166666666666, 0.47604166666666664, 0.45908333333333334, 0.4623333333333333, 0.4663333333333333, 0.4608333333333333, 0.45920833333333333], "confusion_matrix": [[[0.0, 205.0, 0.0, 1.0, 0.0, 24.0, 0.0, 0.0, 1.0, 0.0, 1772.0, 0.0], [0.0, 203.0, 1.0, 6.0, 1.0, 71.0, 0.0, 1.0, 7.0, 0.0, 1690.0, 0.0], [0.0, 2.0, 4.0, 9.0, 0.0, 99.0, 0.0, 2.0, 15.0, 190.0, 1659.0, 0.0], [1.0, 5.0, 3.0, 8.0, 0.0, 69.0, 0.0, 11.0, 11.0, 189.0, 1695.0, 0.0], [0.0, 6.0, 0.0, 10.0, 0.0, 56.0, 0.0, 12.0, 12.0, 189.0, 1759.0, 0.0], [1.0, 4.0, 2.0, 25.0, 0.0, 45.0, 8.0, 4.0, 7.0, 199.0, 1723.0, 0.0], [0.0, 2.0, 1.0, 25.0, 1.0, 9.0, 4.0, 1.0, 4.0, 215.0, 1738.0, 0.0], [0.0, 4.0, 0.0, 11.0, 0.0, 8.0, 1.0, 2.0, 1.0, 193.0, 1777.0, 0.0], [0.0, 8.0, 0.0, 6.0, 0.0, 0.0, 0.0, 0.0, 0.0, 166.0, 1783.0, 1.0], [0.0, 0.0, 0.0, 0.0, 0.0, 0.0, 0.0, 0.0, 0.0, 192.0, 1845.0, 0.0], [0.0, 0.0, 0.0, 0.0, 0.0, 0.0, 0.0, 0.0, 0.0, 203.0, 1783.0, 20.0], [0.0, 0.0, 10.0, 46.0, 0.0, 0.0, 0.0, 0.0, 0.0, 82.0, 3.0, 1838.0]], [[1984.0, 19.0, 0.0, 0.0, 0.0, 0.0, 0.0, 0.0, 0.0, 0.0, 0.0, 0.0], [1353.0, 627.0, 0.0, 0.0, 0.0, 0.0, 0.0, 0.0, 0.0, 0.0, 0.0, 0.0], [1618.0, 168.0, 4.0, 146.0, 0.0, 43.0, 0.0, 1.0, 0.0, 0.0, 0.0, 0.0], [1607.0, 148.0, 28.0, 134.0, 0.0, 50.0, 0.0, 25.0, 0.0, 0.0, 0.0, 0.0], [1479.0, 58.0, 135.0, 0.0, 0.0, 188.0, 0.0, 184.0, 0.0, 0.0, 0.0, 0.0], [836.0, 44.0, 131.0, 0.0, 0.0, 199.0, 0.0, 806.0, 2.0, 0.0, 0.0, 0.0], [230.0, 32.0, 31.0, 0.0, 0.0, 213.0, 0.0, 1271.0, 223.0, 0.0, 0.0, 0.0], [72.0, 31.0, 4.0, 0.0, 0.0, 190.0, 0.0, 381.0, 1234.0, 85.0, 0.0, 0.0], [18.0, 20.0, 0.0, 0.0, 0.0, 0.0, 0.0, 93.0, 621.0, 1067.0, 145.0, 0.0], [0.0, 3.0, 0.0, 0.0, 0.0, 0.0, 0.0, 31.0, 89.0, 1689.0, 225.0, 0.0], [0.0, 0.0, 0.0, 0.0, 0.0, 0.0, 0.0, 0.0, 2.0, 12.0, 1992.0, 0.0], [0.0, 0.0, 18.0, 0.0, 0.0, 0.0, 0.0, 0.0, 0.0, 5.0, 21.0, 1935.0]], [[1690.0, 312.0, 1.0, 0.0, 0.0, 0.0, 0.0, 0.0, 0.0, 0.0, 0.0, 0.0], [478.0, 1497.0, 5.0, 0.0, 0.0, 0.0, 0.0, 0.0, 0.0, 0.0, 0.0, 0.0], [1182.0, 544.0, 252.0, 0.0, 0.0, 0.0, 2.0, 0.0, 0.0, 0.0, 0.0, 0.0], [1105.0, 519.0, 306.0, 0.0, 0.0, 1.0, 60.0, 1.0, 0.0, 0.0, 0.0, 0.0], [980.0, 169.0, 585.0, 0.0, 0.0, 13.0, 231.0, 66.0, 0.0, 0.0, 0.0, 0.0], [495.0, 96.0, 466.0, 0.0, 0.0, 29.0, 409.0, 523.0, 0.0, 0.0, 0.0, 0.0], [152.0, 55.0, 272.0, 0.0, 0.0, 7.0, 156.0, 1228.0, 130.0, 0.0, 0.0, 0.0], [47.0, 46.0, 202.0, 0.0, 0.0, 0.0, 22.0, 464.0, 1185.0, 31.0, 0.0, 0.0], [7.0, 29.0, 115.0, 0.0, 0.0, 0.0, 2.0, 126.0, 928.0, 757.0, 0.0, 0.0], [0.0, 3.0, 1.0, 0.0, 0.0, 0.0, 4.0, 34.0, 109.0, 1714.0, 172.0, 0.0], [0.0, 0.0, 0.0, 0.0, 0.0, 0.0, 0.0, 0.0, 2.0, 15.0, 1989.0, 0.0], [0.0, 0.0, 17.0, 0.0, 0.0, 0.0, 0.0, 0.0, 0.0, 7.0, 28.0, 1927.0]], [[1482.0, 511.0, 10.0, 0.0, 0.0, 0.0, 0.0, 0.0, 0.0, 0.0, 0.0, 0.0], [284.0, 1685.0, 11.0, 0.0, 0.0, 0.0, 0.0, 0.0, 0.0, 0.0, 0.0, 0.0], [961.0, 689.0, 320.0, 0.0, 0.0, 0.0, 10.0, 0.0, 0.0, 0.0, 0.0, 0.0], [873.0, 620.0, 379.0, 0.0, 0.0, 0.0, 119.0, 1.0, 0.0, 0.0, 0.0, 0.0], [746.0, 200.0, 668.0, 0.0, 0.0, 0.0, 392.0, 38.0, 0.0, 0.0, 0.0, 0.0], [384.0, 100.0, 466.0, 0.0, 0.0, 0.0, 666.0, 402.0, 0.0, 0.0, 0.0, 0.0], [131.0, 56.0, 274.0, 0.0, 0.0, 0.0, 267.0, 1160.0, 111.0, 1.0, 0.0, 0.0], [39.0, 47.0, 17.0, 0.0, 0.0, 0.0, 40.0, 480.0, 1154.0, 220.0, 0.0, 0.0], [5.0, 33.0, 4.0, 0.0, 0.0, 0.0, 7.0, 129.0, 942.0, 844.0, 0.0, 0.0], [0.0, 4.0, 0.0, 0.0, 0.0, 0.0, 4.0, 36.0, 105.0, 1869.0, 19.0, 0.0], [0.0, 0.0, 0.0, 0.0, 0.0, 0.0, 0.0, 0.0, 2.0, 194.0, 1810.0, 0.0], [0.0, 0.0, 17.0, 0.0, 0.0, 0.0, 0.0, 0.0, 0.0, 7.0, 28.0, 1927.0]], [[1398.0, 589.0, 16.0, 0.0, 0.0, 0.0, 0.0, 0.0, 0.0, 0.0, 0.0, 0.0], [215.0, 1753.0, 10.0, 0.0, 0.0, 2.0, 0.0, 0.0, 0.0, 0.0, 0.0, 0.0], [863.0, 731.0, 170.0, 0.0, 189.0, 22.0, 5.0, 0.0, 0.0, 0.0, 0.0, 0.0], [764.0, 650.0, 232.0, 0.0, 184.0, 76.0, 85.0, 1.0, 0.0, 0.0, 0.0, 0.0], [626.0, 216.0, 476.0, 0.0, 188.0, 223.0, 290.0, 25.0, 0.0, 0.0, 0.0, 0.0], [301.0, 106.0, 253.0, 0.0, 199.0, 200.0, 625.0, 334.0, 0.0, 0.0, 0.0, 0.0], [114.0, 59.0, 52.0, 0.0, 213.0, 40.0, 341.0, 1050.0, 130.0, 1.0, 0.0, 0.0], [36.0, 49.0, 17.0, 0.0, 190.0, 5.0, 44.0, 433.0, 1198.0, 25.0, 0.0, 0.0], [5.0, 36.0, 4.0, 0.0, 0.0, 1.0, 13.0, 114.0, 1000.0, 791.0, 0.0, 0.0], [0.0, 5.0, 0.0, 0.0, 0.0, 0.0, 5.0, 33.0, 119.0, 1856.0, 19.0, 0.0], [0.0, 0.0, 0.0, 0.0, 0.0, 0.0, 0.0, 0.0, 2.0, 24.0, 1980.0, 0.0], [0.0, 0.0, 17.0, 0.0, 0.0, 0.0, 0.0, 0.0, 0.0, 9.0, 27.0, 1926.0]], [[1364.0, 620.0, 19.0, 0.0, 0.0, 0.0, 0.0, 0.0, 0.0, 0.0, 0.0, 0.0], [196.0, 