{"task_name": "gpt2-medium_Pile_5000_10", "train_loss": [2.505768299102783, 1.867570161819458, 1.7059333324432373, 1.5098732709884644, 1.4123845100402832, 1.431735873222351, 1.331511378288269, 1.3555387258529663, 1.3328282833099365, 1.223465919494629, 1.1807940006256104, 1.1469876766204834, 1.1950124502182007, 1.1904782056808472, 1.1616945266723633, 1.1107969284057617, 1.0320805311203003, 1.0217403173446655, 1.04562509059906, 1.025804042816162, 1.07149076461792, 1.0320793390274048, 1.0630627870559692, 1.0542340278625488, 0.984844446182251, 1.019798755645752, 0.9797574877738953, 0.931135356426239, 0.993249237537384, 0.9327230453491211, 0.885856032371521, 0.9953110218048096, 0.9609063863754272, 0.9298216700553894, 0.9546278715133667, 0.855256199836731, 0.847878634929657, 0.8838610053062439, 0.8708332777023315, 0.8853664994239807, 0.8679540157318115, 0.8656768798828125, 0.8606515526771545, 0.8673785924911499, 0.8094875812530518, 0.8108116984367371, 0.8179288506507874, 0.866199254989624, 0.8311041593551636, 0.7965854406356812, 0.8387393951416016, 0.8395265936851501, 0.7967474460601807, 0.820558488368988, 0.7786874175071716, 0.8248760104179382, 0.7960788607597351, 0.8348488211631775, 0.8003844618797302, 0.8148670196533203, 0.7694934606552124, 0.7463667392730713, 0.7446824312210083, 0.8065698146820068, 0.7114614844322205, 0.7634360790252686, 0.7780643701553345, 0.7900110483169556, 0.8043034672737122, 0.720254123210907, 0.7369512915611267, 0.760926365852356, 0.7304806113243103, 0.7455840110778809, 0.7386536598205566, 0.7363951206207275, 0.7140440940856934, 0.73846036195755, 0.7646493315696716, 0.7204453349113464, 0.735465407371521, 0.7475612759590149, 0.7054662108421326, 0.691085159778595, 0.7153977751731873, 0.689285159111023, 0.7030340433120728, 0.71442711353302, 0.7239231467247009, 0.72666335105896, 0.7449372410774231, 0.714184582233429, 0.7181640267372131, 0.7236766815185547, 0.6775920987129211, 0.6824101209640503, 0.7450724840164185, 0.6939059495925903, 0.6342241168022156, 0.6613871455192566], "test_accuracy": [0.2850394393689701, 0.5011439816962928, 0.5596110462232604, 0.5992024127613959, 0.618246108062271, 0.6430657109486249, 0.6570174877201965, 0.6705252715956544, 0.6734932241084143, 0.6821890849746404, 0.6929129133933857, 0.6903569542887313, 0.6952448760819827, 0.7054247132045888, 0.7056887089806563, 0.7141205740708149, 0.7192684917041328, 0.7301203180749108, 0.7321282859474249, 0.7281403497544039, 0.7347042447320843, 0.7338802579158733, 0.7482680277115566, 0.7429041135341835, 0.7452840754547927, 0.7443800899185613, 0.7453800739188173, 0.749008015871746, 0.7581998688020992, 0.7529799523207629, 0.7543519303691141, 0.7604678325146798, 0.7573878817938913, 0.7639797763235788, 0.7688236988208189, 0.7673877217964512, 0.763343786499416, 0.7782595478472344, 0.7614078174749204, 0.7735836226620374, 0.7684757043887298, 0.7769515687748996, 0.7771955648709621, 0.7725836386617814, 0.7739596166461337, 0.7774715604550327, 0.7892273723620422, 0.7797915233356266, 0.7757395881665894, 0.7859394249692004, 0.776691572934833, 0.7866674133213869, 0.7796155261515816, 0.7883033871458056, 0.7922713236588215, 0.7839634565846947, 0.7907233484264252, 0.7970632469880482, 0.7824954800723188, 0.7923473224428409, 0.8009231852290364, 0.7898873618022112, 0.7915753347946433, 0.7968552503159949, 0.7916753331946689, 0.8009431849090415, 0.7927393161709413, 0.7990752147965633, 0.7954312730996304, 0.8061031023503624, 0.8034871442056927, 0.7949032815474952, 0.8047951232780276, 0.7983272267643717, 0.7968072510839826, 0.8089070574870802, 0.8067310923025232, 0.8035711428617142, 0.8015951744772084, 0.8118470104478328, 0.8085270635669829, 0.8017471720452473, 0.8015911745412073, 0.8071550855186317, 0.8064470968464504, 0.8043511303819139, 0.809215052559159, 0.8114550167197325, 0.8083270667669318, 0.8106430297115246, 0.8115630149917601, 0.806855090318555, 0.807207084686645, 0.8097310443032911, 0.8127589958560663, 0.8144909681445097, 0.8121550055199117, 0.8131469896481657, 0.8155669509287852, 0.8111550215196557]}